pair_id,scenario,uid,packet
AMB_WV_S16_U01,S16,U01,review/s16-s20-v2/arm_packets/AMB_WV_S16_U01.json
AMB_WV_S16_U02,S16,U02,review/s16-s20-v2/arm_packets/AMB_WV_S16_U02.json
AMB_WV_S16_U03,S16,U03,review/s16-s20-v2/arm_packets/AMB_WV_S16_U03.json
AMB_WV_S16_U04,S16,U04,review/s16-s20-v2/arm_packets/AMB_WV_S16_U04.json
AMB_WV_S16_U05,S16,U05,review/s16-s20-v2/arm_packets/AMB_WV_S16_U05.json
AMB_WV_S16_U06,S16,U06,review/s16-s20-v2/arm_packets/AMB_WV_S16_U06.json
AMB_WV_S16_U07,S16,U07,review/s16-s20-v2/arm_packets/AMB_WV_S16_U07.json
AMB_WV_S16_U08,S16,U08,review/s16-s20-v2/arm_packets/AMB_WV_S16_U08.json
AMB_WV_S16_U09,S16,U09,review/s16-s20-v2/arm_packets/AMB_WV_S16_U09.json
AMB_WV_S16_U10,S16,U10,review/s16-s20-v2/arm_packets/AMB_WV_S16_U10.json
AMB_WV_S17_U01,S17,U01,review/s16-s20-v2/arm_packets/AMB_WV_S17_U01.json
AMB_WV_S17_U02,S17,U02,review/s16-s20-v2/arm_packets/AMB_WV_S17_U02.json
AMB_WV_S17_U03,S17,U03,review/s16-s20-v2/arm_packets/AMB_WV_S17_U03.json
AMB_WV_S17_U04,S17,U04,review/s16-s20-v2/arm_packets/AMB_WV_S17_U04.json
AMB_WV_S17_U05,S17,U05,review/s16-s20-v2/arm_packets/AMB_WV_S17_U05.json
AMB_WV_S17_U06,S17,U06,review/s16-s20-v2/arm_packets/AMB_WV_S17_U06.json
AMB_WV_S17_U07,S17,U07,review/s16-s20-v2/arm_packets/AMB_WV_S17_U07.json
AMB_WV_S17_U08,S17,U08,review/s16-s20-v2/arm_packets/AMB_WV_S17_U08.json
AMB_WV_S17_U09,S17,U09,review/s16-s20-v2/arm_packets/AMB_WV_S17_U09.json
AMB_WV_S17_U10,S17,U10,review/s16-s20-v2/arm_packets/AMB_WV_S17_U10.json
AMB_WV_S18_U01,S18,U01,review/s16-s20-v2/arm_packets/AMB_WV_S18_U01.json
AMB_WV_S18_U02,S18,U02,review/s16-s20-v2/arm_packets/AMB_WV_S18_U02.json
AMB_WV_S18_U03,S18,U03,review/s16-s20-v2/arm_packets/AMB_WV_S18_U03.json
AMB_WV_S18_U04,S18,U04,review/s16-s20-v2/arm_packets/AMB_WV_S18_U04.json
AMB_WV_S18_U05,S18,U05,review/s16-s20-v2/arm_packets/AMB_WV_S18_U05.json
AMB_WV_S18_U06,S18,U06,review/s16-s20-v2/arm_packets/AMB_WV_S18_U06.json
AMB_WV_S18_U07,S18,U07,review/s16-s20-v2/arm_packets/AMB_WV_S18_U07.json
AMB_WV_S18_U08,S18,U08,review/s16-s20-v2/arm_packets/AMB_WV_S18_U08.json
AMB_WV_S18_U09,S18,U09,review/s16-s20-v2/arm_packets/AMB_WV_S18_U09.json
AMB_WV_S18_U10,S18,U10,review/s16-s20-v2/arm_packets/AMB_WV_S18_U10.json
AMB_WV_S19_U01,S19,U01,review/s16-s20-v2/arm_packets/AMB_WV_S19_U01.json
AMB_WV_S19_U02,S19,U02,review/s16-s20-v2/arm_packets/AMB_WV_S19_U02.json
AMB_WV_S19_U03,S19,U03,review/s16-s20-v2/arm_packets/AMB_WV_S19_U03.json
AMB_WV_S19_U04,S19,U04,review/s16-s20-v2/arm_packets/AMB_WV_S19_U04.json
AMB_WV_S19_U05,S19,U05,review/s16-s20-v2/arm_packets/AMB_WV_S19_U05.json
AMB_WV_S19_U06,S19,U06,review/s16-s20-v2/arm_packets/AMB_WV_S19_U06.json
AMB_WV_S19_U07,S19,U07,review/s16-s20-v2/arm_packets/AMB_WV_S19_U07.json
AMB_WV_S19_U08,S19,U08,review/s16-s20-v2/arm_packets/AMB_WV_S19_U08.json
AMB_WV_S19_U09,S19,U09,review/s16-s20-v2/arm_packets/AMB_WV_S19_U09.json
AMB_WV_S19_U10,S19,U10,review/s16-s20-v2/arm_packets/AMB_WV_S19_U10.json
AMB_WV_S20_U01,S20,U01,review/s16-s20-v2/arm_packets/AMB_WV_S20_U01.json
AMB_WV_S20_U02,S20,U02,review/s16-s20-v2/arm_packets/AMB_WV_S20_U02.json
AMB_WV_S20_U03,S20,U03,review/s16-s20-v2/arm_packets/AMB_WV_S20_U03.json
AMB_WV_S20_U04,S20,U04,review/s16-s20-v2/arm_packets/AMB_WV_S20_U04.json
AMB_WV_S20_U05,S20,U05,review/s16-s20-v2/arm_packets/AMB_WV_S20_U05.json
AMB_WV_S20_U06,S20,U06,review/s16-s20-v2/arm_packets/AMB_WV_S20_U06.json
AMB_WV_S20_U07,S20,U07,review/s16-s20-v2/arm_packets/AMB_WV_S20_U07.json
AMB_WV_S20_U08,S20,U08,review/s16-s20-v2/arm_packets/AMB_WV_S20_U08.json
AMB_WV_S20_U09,S20,U09,review/s16-s20-v2/arm_packets/AMB_WV_S20_U09.json
AMB_WV_S20_U10,S20,U10,review/s16-s20-v2/arm_packets/AMB_WV_S20_U10.json
