candidate_id,gate,clause,human_pass,reviewer,notes
AMB_SV_late_dinner_before_commitment_026_associative,gate_2,same_person_temporal_separation,,,
AMB_SV_late_dinner_before_commitment_026_associative,gate_2,a_only_insufficiency,,,
AMB_SV_late_dinner_before_commitment_026_associative,gate_2,b_only_insufficiency,,,
AMB_SV_late_dinner_before_commitment_026_associative,gate_2,joint_support_for_C,,,
AMB_SV_late_dinner_before_commitment_026_associative,gate_2,C_novelty_no_leakage,,,
AMB_SV_late_dinner_before_commitment_026_associative,gate_2,query_natural_recall_trigger,,,
AMB_SV_late_dinner_before_commitment_026_associative,gate_2,link_broken_validity,,,
AMB_SV_late_dinner_before_commitment_026_associative,gate_2,gold_scoreability,,,
AMB_SV_late_dinner_before_commitment_026_associative,gate_2,query_taxonomy_compliance,,,
